--
-- PostgreSQL database dump
--

\restrict cFjtCcbfzQT1aDgUs90M2IDWToxCP4gN8PGC0fieJ7CUdcJA2FxJkLgpdREPPa4

-- Dumped from database version 18.1
-- Dumped by pg_dump version 18.1

-- Started on 2025-11-14 10:59:35

SET statement_timeout = 0;
SET lock_timeout = 0;
SET idle_in_transaction_session_timeout = 0;
SET transaction_timeout = 0;
SET client_encoding = 'UTF8';
SET standard_conforming_strings = on;
SELECT pg_catalog.set_config('search_path', '', false);
SET check_function_bodies = false;
SET xmloption = content;
SET client_min_messages = warning;
SET row_security = off;

--
-- TOC entry 5 (class 2615 OID 2200)
-- Name: public; Type: SCHEMA; Schema: -; Owner: postgres
--

-- *not* creating schema, since initdb creates it


ALTER SCHEMA public OWNER TO postgres;

--
-- TOC entry 5136 (class 0 OID 0)
-- Dependencies: 5
-- Name: SCHEMA public; Type: COMMENT; Schema: -; Owner: postgres
--

COMMENT ON SCHEMA public IS '';


SET default_tablespace = '';

SET default_table_access_method = heap;

--
-- TOC entry 219 (class 1259 OID 16389)
-- Name: areas; Type: TABLE; Schema: public; Owner: postgres
--

CREATE TABLE public.areas (
    id bigint NOT NULL,
    nome character varying(100) NOT NULL
);


ALTER TABLE public.areas OWNER TO postgres;

--
-- TOC entry 220 (class 1259 OID 16394)
-- Name: areas_id_seq; Type: SEQUENCE; Schema: public; Owner: postgres
--

ALTER TABLE public.areas ALTER COLUMN id ADD GENERATED BY DEFAULT AS IDENTITY (
    SEQUENCE NAME public.areas_id_seq
    START WITH 1
    INCREMENT BY 1
    NO MINVALUE
    NO MAXVALUE
    CACHE 1
);


--
-- TOC entry 221 (class 1259 OID 16395)
-- Name: checklists; Type: TABLE; Schema: public; Owner: postgres
--

CREATE TABLE public.checklists (
    id bigint NOT NULL,
    nome character varying(200) NOT NULL,
    area_id bigint NOT NULL
);


ALTER TABLE public.checklists OWNER TO postgres;

--
-- TOC entry 222 (class 1259 OID 16401)
-- Name: checklists_id_seq; Type: SEQUENCE; Schema: public; Owner: postgres
--

ALTER TABLE public.checklists ALTER COLUMN id ADD GENERATED BY DEFAULT AS IDENTITY (
    SEQUENCE NAME public.checklists_id_seq
    START WITH 1
    INCREMENT BY 1
    NO MINVALUE
    NO MAXVALUE
    CACHE 1
);


--
-- TOC entry 223 (class 1259 OID 16402)
-- Name: equipamentos; Type: TABLE; Schema: public; Owner: postgres
--

CREATE TABLE public.equipamentos (
    id bigint NOT NULL,
    codigo character varying(255),
    criticidade character varying(255),
    data_ultima_preventiva date,
    frequencia_preventiva character varying(255),
    nome character varying(255) NOT NULL,
    status character varying(255),
    checklist_id bigint,
    linha_id bigint NOT NULL,
    modelo_id bigint NOT NULL,
    CONSTRAINT equipamentos_criticidade_check CHECK (((criticidade)::text = ANY (ARRAY[('A'::character varying)::text, ('B'::character varying)::text, ('C'::character varying)::text]))),
    CONSTRAINT equipamentos_frequencia_preventiva_check CHECK (((frequencia_preventiva)::text = ANY (ARRAY[('QUINZENAL'::character varying)::text, ('MENSAL'::character varying)::text, ('TRIMESTRAL'::character varying)::text, ('SEMESTRAL'::character varying)::text, ('ANUAL'::character varying)::text]))),
    CONSTRAINT equipamentos_status_check CHECK (((status)::text = ANY (ARRAY[('OPERACIONAL'::character varying)::text, ('AGUARDANDO_PECAS'::character varying)::text, ('EM_MANUTENCAO'::character varying)::text, ('FORA_DE_OPERACAO'::character varying)::text, ('AGUARDANDO_CALIBRACAO'::character varying)::text])))
);


ALTER TABLE public.equipamentos OWNER TO postgres;

--
-- TOC entry 224 (class 1259 OID 16414)
-- Name: equipamentos_id_seq; Type: SEQUENCE; Schema: public; Owner: postgres
--

ALTER TABLE public.equipamentos ALTER COLUMN id ADD GENERATED BY DEFAULT AS IDENTITY (
    SEQUENCE NAME public.equipamentos_id_seq
    START WITH 1
    INCREMENT BY 1
    NO MINVALUE
    NO MAXVALUE
    CACHE 1
);


--
-- TOC entry 225 (class 1259 OID 16415)
-- Name: fotos_os; Type: TABLE; Schema: public; Owner: postgres
--

CREATE TABLE public.fotos_os (
    id bigint NOT NULL,
    descricao character varying(255),
    url text NOT NULL,
    ordem_servico_id bigint NOT NULL
);


ALTER TABLE public.fotos_os OWNER TO postgres;

--
-- TOC entry 226 (class 1259 OID 16423)
-- Name: fotos_os_id_seq; Type: SEQUENCE; Schema: public; Owner: postgres
--

ALTER TABLE public.fotos_os ALTER COLUMN id ADD GENERATED BY DEFAULT AS IDENTITY (
    SEQUENCE NAME public.fotos_os_id_seq
    START WITH 1
    INCREMENT BY 1
    NO MINVALUE
    NO MAXVALUE
    CACHE 1
);


--
-- TOC entry 227 (class 1259 OID 16424)
-- Name: item_pecas_sugeridas; Type: TABLE; Schema: public; Owner: postgres
--

CREATE TABLE public.item_pecas_sugeridas (
    item_checklist_id bigint NOT NULL,
    peca_id bigint NOT NULL
);


ALTER TABLE public.item_pecas_sugeridas OWNER TO postgres;

--
-- TOC entry 228 (class 1259 OID 16429)
-- Name: itens_checklist; Type: TABLE; Schema: public; Owner: postgres
--

CREATE TABLE public.itens_checklist (
    id bigint NOT NULL,
    descricao text NOT NULL,
    checklist_id bigint NOT NULL
);


ALTER TABLE public.itens_checklist OWNER TO postgres;

--
-- TOC entry 229 (class 1259 OID 16437)
-- Name: itens_checklist_id_seq; Type: SEQUENCE; Schema: public; Owner: postgres
--

ALTER TABLE public.itens_checklist ALTER COLUMN id ADD GENERATED BY DEFAULT AS IDENTITY (
    SEQUENCE NAME public.itens_checklist_id_seq
    START WITH 1
    INCREMENT BY 1
    NO MINVALUE
    NO MAXVALUE
    CACHE 1
);


--
-- TOC entry 230 (class 1259 OID 16438)
-- Name: linhas_de_producao; Type: TABLE; Schema: public; Owner: postgres
--

CREATE TABLE public.linhas_de_producao (
    id bigint NOT NULL,
    nome character varying(150) NOT NULL,
    area_id bigint NOT NULL
);


ALTER TABLE public.linhas_de_producao OWNER TO postgres;

--
-- TOC entry 231 (class 1259 OID 16444)
-- Name: linhas_de_producao_id_seq; Type: SEQUENCE; Schema: public; Owner: postgres
--

ALTER TABLE public.linhas_de_producao ALTER COLUMN id ADD GENERATED BY DEFAULT AS IDENTITY (
    SEQUENCE NAME public.linhas_de_producao_id_seq
    START WITH 1
    INCREMENT BY 1
    NO MINVALUE
    NO MAXVALUE
    CACHE 1
);


--
-- TOC entry 232 (class 1259 OID 16445)
-- Name: modelos_equipamento; Type: TABLE; Schema: public; Owner: postgres
--

CREATE TABLE public.modelos_equipamento (
    id bigint NOT NULL,
    fabricante character varying(150),
    nome character varying(150) NOT NULL,
    area_id bigint NOT NULL
);


ALTER TABLE public.modelos_equipamento OWNER TO postgres;

--
-- TOC entry 233 (class 1259 OID 16451)
-- Name: modelos_equipamento_id_seq; Type: SEQUENCE; Schema: public; Owner: postgres
--

ALTER TABLE public.modelos_equipamento ALTER COLUMN id ADD GENERATED BY DEFAULT AS IDENTITY (
    SEQUENCE NAME public.modelos_equipamento_id_seq
    START WITH 1
    INCREMENT BY 1
    NO MINVALUE
    NO MAXVALUE
    CACHE 1
);


--
-- TOC entry 234 (class 1259 OID 16452)
-- Name: movimentacoes_estoque; Type: TABLE; Schema: public; Owner: postgres
--

CREATE TABLE public.movimentacoes_estoque (
    id bigint NOT NULL,
    data_movimentacao timestamp(6) without time zone NOT NULL,
    observacao text,
    quantidade integer NOT NULL,
    tipo_movimentacao character varying(255),
    peca_id bigint NOT NULL
);


ALTER TABLE public.movimentacoes_estoque OWNER TO postgres;

--
-- TOC entry 235 (class 1259 OID 16461)
-- Name: movimentacoes_estoque_id_seq; Type: SEQUENCE; Schema: public; Owner: postgres
--

ALTER TABLE public.movimentacoes_estoque ALTER COLUMN id ADD GENERATED BY DEFAULT AS IDENTITY (
    SEQUENCE NAME public.movimentacoes_estoque_id_seq
    START WITH 1
    INCREMENT BY 1
    NO MINVALUE
    NO MAXVALUE
    CACHE 1
);


--
-- TOC entry 236 (class 1259 OID 16462)
-- Name: ordens_servico; Type: TABLE; Schema: public; Owner: postgres
--

CREATE TABLE public.ordens_servico (
    id bigint NOT NULL,
    data_agendamento timestamp(6) without time zone,
    data_fim_execucao timestamp(6) without time zone,
    data_inicio_execucao timestamp(6) without time zone,
    data_validacao timestamp(6) without time zone,
    observacoes_lider text,
    observacoes_tecnico text,
    status character varying(255) NOT NULL,
    tipo_manutencao character varying(50),
    checklist_id bigint,
    equipamento_id bigint NOT NULL,
    lider_validador_id bigint,
    tecnico_executor_id bigint NOT NULL,
    CONSTRAINT ordens_servico_status_check CHECK (((status)::text = ANY (ARRAY[('SUGESTAO'::character varying)::text, ('AGENDADA'::character varying)::text, ('EM_EXECUCAO'::character varying)::text, ('AGUARDANDO_VALIDACAO'::character varying)::text, ('CONCLUIDA'::character varying)::text, ('PENDENTE_DE_CORRECAO'::character varying)::text, ('REAGENDADA_PENDENTE_JUSTIFICATIVA'::character varying)::text, ('BLOQUEADA_ACAO_URGENTE'::character varying)::text])))
);


ALTER TABLE public.ordens_servico OWNER TO postgres;

--
-- TOC entry 237 (class 1259 OID 16472)
-- Name: ordens_servico_id_seq; Type: SEQUENCE; Schema: public; Owner: postgres
--

ALTER TABLE public.ordens_servico ALTER COLUMN id ADD GENERATED BY DEFAULT AS IDENTITY (
    SEQUENCE NAME public.ordens_servico_id_seq
    START WITH 1
    INCREMENT BY 1
    NO MINVALUE
    NO MAXVALUE
    CACHE 1
);


--
-- TOC entry 238 (class 1259 OID 16473)
-- Name: peca_fotos; Type: TABLE; Schema: public; Owner: postgres
--

CREATE TABLE public.peca_fotos (
    peca_id bigint NOT NULL,
    foto_url character varying(255)
);


ALTER TABLE public.peca_fotos OWNER TO postgres;

--
-- TOC entry 239 (class 1259 OID 16477)
-- Name: pecas_baixadas_os; Type: TABLE; Schema: public; Owner: postgres
--

CREATE TABLE public.pecas_baixadas_os (
    id bigint NOT NULL,
    data_baixa timestamp(6) without time zone NOT NULL,
    quantidade_baixada integer NOT NULL,
    item_checklist_id bigint,
    movimentacao_estoque_id bigint,
    ordem_servico_id bigint NOT NULL,
    peca_id bigint NOT NULL
);


ALTER TABLE public.pecas_baixadas_os OWNER TO postgres;

--
-- TOC entry 240 (class 1259 OID 16485)
-- Name: pecas_baixadas_os_id_seq; Type: SEQUENCE; Schema: public; Owner: postgres
--

ALTER TABLE public.pecas_baixadas_os ALTER COLUMN id ADD GENERATED BY DEFAULT AS IDENTITY (
    SEQUENCE NAME public.pecas_baixadas_os_id_seq
    START WITH 1
    INCREMENT BY 1
    NO MINVALUE
    NO MAXVALUE
    CACHE 1
);


--
-- TOC entry 241 (class 1259 OID 16486)
-- Name: pecas_reposicao; Type: TABLE; Schema: public; Owner: postgres
--

CREATE TABLE public.pecas_reposicao (
    id bigint NOT NULL,
    aplicacao character varying(255),
    codigo_controle character varying(50),
    codigo_requisicao character varying(100),
    descricao_generica text,
    descricao_tecnica text,
    estoque_atual integer NOT NULL,
    estoque_minimo integer NOT NULL,
    localizacao_prateleira character varying(100),
    nome character varying(200) NOT NULL,
    modelo_equipamento_id bigint
);


ALTER TABLE public.pecas_reposicao OWNER TO postgres;

--
-- TOC entry 242 (class 1259 OID 16495)
-- Name: pecas_reposicao_id_seq; Type: SEQUENCE; Schema: public; Owner: postgres
--

ALTER TABLE public.pecas_reposicao ALTER COLUMN id ADD GENERATED BY DEFAULT AS IDENTITY (
    SEQUENCE NAME public.pecas_reposicao_id_seq
    START WITH 1
    INCREMENT BY 1
    NO MINVALUE
    NO MAXVALUE
    CACHE 1
);


--
-- TOC entry 243 (class 1259 OID 16496)
-- Name: planos_manutencao; Type: TABLE; Schema: public; Owner: postgres
--

CREATE TABLE public.planos_manutencao (
    id bigint NOT NULL,
    ativo boolean NOT NULL,
    nome character varying(255) NOT NULL,
    periodicidade_dias integer NOT NULL,
    proxima_execucao date,
    equipamento_id bigint NOT NULL
);


ALTER TABLE public.planos_manutencao OWNER TO postgres;

--
-- TOC entry 244 (class 1259 OID 16504)
-- Name: planos_manutencao_id_seq; Type: SEQUENCE; Schema: public; Owner: postgres
--

ALTER TABLE public.planos_manutencao ALTER COLUMN id ADD GENERATED BY DEFAULT AS IDENTITY (
    SEQUENCE NAME public.planos_manutencao_id_seq
    START WITH 1
    INCREMENT BY 1
    NO MINVALUE
    NO MAXVALUE
    CACHE 1
);


--
-- TOC entry 245 (class 1259 OID 16505)
-- Name: resultados_checklist; Type: TABLE; Schema: public; Owner: postgres
--

CREATE TABLE public.resultados_checklist (
    id bigint NOT NULL,
    observacao text,
    status character varying(255) NOT NULL,
    item_template_id bigint NOT NULL,
    ordem_servico_id bigint NOT NULL,
    CONSTRAINT resultados_checklist_status_check CHECK (((status)::text = ANY (ARRAY[('OK'::character varying)::text, ('NAO_APLICAVEL'::character varying)::text, ('NAO_CONFORMIDADE'::character varying)::text, ('PENDENTE'::character varying)::text])))
);


ALTER TABLE public.resultados_checklist OWNER TO postgres;

--
-- TOC entry 246 (class 1259 OID 16515)
-- Name: resultados_checklist_id_seq; Type: SEQUENCE; Schema: public; Owner: postgres
--

ALTER TABLE public.resultados_checklist ALTER COLUMN id ADD GENERATED BY DEFAULT AS IDENTITY (
    SEQUENCE NAME public.resultados_checklist_id_seq
    START WITH 1
    INCREMENT BY 1
    NO MINVALUE
    NO MAXVALUE
    CACHE 1
);


--
-- TOC entry 247 (class 1259 OID 16516)
-- Name: usuarios; Type: TABLE; Schema: public; Owner: postgres
--

CREATE TABLE public.usuarios (
    id bigint NOT NULL,
    matricula character varying(50) NOT NULL,
    nome_completo character varying(200) NOT NULL,
    perfil character varying(255) NOT NULL,
    senha character varying(255) NOT NULL,
    CONSTRAINT usuarios_perfil_check CHECK (((perfil)::text = ANY (ARRAY[('ADMINISTRADOR'::character varying)::text, ('LIDER'::character varying)::text, ('TECNICO'::character varying)::text])))
);


ALTER TABLE public.usuarios OWNER TO postgres;

--
-- TOC entry 248 (class 1259 OID 16527)
-- Name: usuarios_id_seq; Type: SEQUENCE; Schema: public; Owner: postgres
--

ALTER TABLE public.usuarios ALTER COLUMN id ADD GENERATED BY DEFAULT AS IDENTITY (
    SEQUENCE NAME public.usuarios_id_seq
    START WITH 1
    INCREMENT BY 1
    NO MINVALUE
    NO MAXVALUE
    CACHE 1
);


--
-- TOC entry 5101 (class 0 OID 16389)
-- Dependencies: 219
-- Data for Name: areas; Type: TABLE DATA; Schema: public; Owner: postgres
--

COPY public.areas (id, nome) FROM stdin;
1	SMT
2	PTH
3	MONTAGEM
\.


--
-- TOC entry 5103 (class 0 OID 16395)
-- Dependencies: 221
-- Data for Name: checklists; Type: TABLE DATA; Schema: public; Owner: postgres
--

COPY public.checklists (id, nome, area_id) FROM stdin;
1	CHECKLIST INSERSORA	1
2	CHECKLIST PRINTER	1
3	CHECKLIST REFLOW	1
4	CHECKLIST AT3	1
5	CHECKLIST LASER SMT	1
\.


--
-- TOC entry 5105 (class 0 OID 16402)
-- Dependencies: 223
-- Data for Name: equipamentos; Type: TABLE DATA; Schema: public; Owner: postgres
--

COPY public.equipamentos (id, codigo, criticidade, data_ultima_preventiva, frequencia_preventiva, nome, status, checklist_id, linha_id, modelo_id) FROM stdin;
4	325235	A	2025-09-01	MENSAL	481C	\N	1	1	2
5	524535	A	2025-09-01	MENSAL	482B	\N	1	1	3
6	324123	A	2025-10-01	MENSAL	REFLOW	\N	3	1	6
7	5325342	A	2025-10-01	MENSAL	471A	\N	1	2	1
8	21354764	A	2025-10-01	MENSAL	481B	\N	1	2	2
1	12124124	A	2025-10-22	MENSAL	471C	\N	1	1	1
2	213442	A	2025-11-02	MENSAL	481D	\N	1	1	2
3	4124324	A	2025-11-14	MENSAL	PRINTER 	\N	2	1	5
\.


--
-- TOC entry 5107 (class 0 OID 16415)
-- Dependencies: 225
-- Data for Name: fotos_os; Type: TABLE DATA; Schema: public; Owner: postgres
--

COPY public.fotos_os (id, descricao, url, ordem_servico_id) FROM stdin;
1	\N	/uploaded-photos/6d6c8182-3d97-401c-9761-7c5f9c37f9af.jpeg	1
2	\N	/uploaded-photos/0102015d-b302-42c4-947a-456b3ae9a717.jpg	2
3	\N	/uploaded-photos/e7ff0348-3ed8-4570-b529-657573e3c0d5.png	3
\.


--
-- TOC entry 5109 (class 0 OID 16424)
-- Dependencies: 227
-- Data for Name: item_pecas_sugeridas; Type: TABLE DATA; Schema: public; Owner: postgres
--

COPY public.item_pecas_sugeridas (item_checklist_id, peca_id) FROM stdin;
\.


--
-- TOC entry 5110 (class 0 OID 16429)
-- Dependencies: 228
-- Data for Name: itens_checklist; Type: TABLE DATA; Schema: public; Owner: postgres
--

COPY public.itens_checklist (id, descricao, checklist_id) FROM stdin;
1	PASSO 1	1
2	PASSO1	2
3	PASSO1	3
5	PASSO 1	4
6	PASSO 1	5
\.


--
-- TOC entry 5112 (class 0 OID 16438)
-- Dependencies: 230
-- Data for Name: linhas_de_producao; Type: TABLE DATA; Schema: public; Owner: postgres
--

COPY public.linhas_de_producao (id, nome, area_id) FROM stdin;
1	SMT01	1
2	SMT02	1
3	SMT03	1
4	SMT04	1
5	OUTROS	1
6	PTH01	2
7	PTH02	2
8	PTH03	2
9	PTH04	2
10	AMS01	3
11	AMS02	3
12	AMS03	3
13	AMS04	3
14	AMS05	3
15	AMS06	3
16	AMS07	3
17	AMS08	3
\.


--
-- TOC entry 5114 (class 0 OID 16445)
-- Dependencies: 232
-- Data for Name: modelos_equipamento; Type: TABLE DATA; Schema: public; Owner: postgres
--

COPY public.modelos_equipamento (id, fabricante, nome, area_id) FROM stdin;
1	SAMSUNG	SM471	1
2	SAMSUNG	SM481	1
3	SAMSUNG	SM482	1
4	GKG	PRINTER G5	1
5	SUNEAST	PRINTER G310	1
6	SUNEAST	REFLOW IPC-708-ECO	1
7	HI-LO SISTEMS	AT3-350C	1
8	HI-LO SYSTEMS	AT3-310A2	1
9	HI-LO SYSTEMS	AT3-530	1
10	R-TEK	LASER R6-C	1
\.


--
-- TOC entry 5116 (class 0 OID 16452)
-- Dependencies: 234
-- Data for Name: movimentacoes_estoque; Type: TABLE DATA; Schema: public; Owner: postgres
--

COPY public.movimentacoes_estoque (id, data_movimentacao, observacao, quantidade, tipo_movimentacao, peca_id) FROM stdin;
1	2025-10-22 14:45:02.022003	\N	2	ENTRADA	1
2	2025-10-22 14:45:13.088931	\N	1	SAIDA	1
3	2025-10-22 14:45:57.000349	\N	1	SAIDA	1
\.


--
-- TOC entry 5118 (class 0 OID 16462)
-- Dependencies: 236
-- Data for Name: ordens_servico; Type: TABLE DATA; Schema: public; Owner: postgres
--

COPY public.ordens_servico (id, data_agendamento, data_fim_execucao, data_inicio_execucao, data_validacao, observacoes_lider, observacoes_tecnico, status, tipo_manutencao, checklist_id, equipamento_id, lider_validador_id, tecnico_executor_id) FROM stdin;
1	2025-10-22 14:41:00	2025-10-22 14:43:27.189535	2025-10-22 14:43:26.93906	2025-10-22 14:43:51.770809	DOÇSBOFBASF	OSFBSFBSAJOBÇSKJFB	CONCLUIDA	PREVENTIVA	1	1	3	3
2	2025-11-02 09:33:00	2025-11-02 09:41:51.845645	2025-11-02 09:41:51.565083	2025-11-02 09:42:16.238586	aprovado	teste	CONCLUIDA	PREVENTIVA	1	2	3	3
3	2025-11-14 10:10:00	2025-11-14 10:28:23.777492	2025-11-14 10:27:21.990969	2025-11-14 10:31:28.468871	ok	WQFRWQFWQFWQ	CONCLUIDA	PREVENTIVA	2	3	5	3
\.


--
-- TOC entry 5120 (class 0 OID 16473)
-- Dependencies: 238
-- Data for Name: peca_fotos; Type: TABLE DATA; Schema: public; Owner: postgres
--

COPY public.peca_fotos (peca_id, foto_url) FROM stdin;
1	/uploaded-photos/f85f4cd1-ccec-431d-9a96-ffc2b2352c2e.jpeg
\.


--
-- TOC entry 5121 (class 0 OID 16477)
-- Dependencies: 239
-- Data for Name: pecas_baixadas_os; Type: TABLE DATA; Schema: public; Owner: postgres
--

COPY public.pecas_baixadas_os (id, data_baixa, quantidade_baixada, item_checklist_id, movimentacao_estoque_id, ordem_servico_id, peca_id) FROM stdin;
\.


--
-- TOC entry 5123 (class 0 OID 16486)
-- Dependencies: 241
-- Data for Name: pecas_reposicao; Type: TABLE DATA; Schema: public; Owner: postgres
--

COPY public.pecas_reposicao (id, aplicacao, codigo_controle, codigo_requisicao, descricao_generica, descricao_tecnica, estoque_atual, estoque_minimo, localizacao_prateleira, nome, modelo_equipamento_id) FROM stdin;
1	Head da insersora	PECA-00001	355315325	\N	TESTE	0	5	A2	Spindle	1
\.


--
-- TOC entry 5125 (class 0 OID 16496)
-- Dependencies: 243
-- Data for Name: planos_manutencao; Type: TABLE DATA; Schema: public; Owner: postgres
--

COPY public.planos_manutencao (id, ativo, nome, periodicidade_dias, proxima_execucao, equipamento_id) FROM stdin;
\.


--
-- TOC entry 5127 (class 0 OID 16505)
-- Dependencies: 245
-- Data for Name: resultados_checklist; Type: TABLE DATA; Schema: public; Owner: postgres
--

COPY public.resultados_checklist (id, observacao, status, item_template_id, ordem_servico_id) FROM stdin;
1		OK	1	1
2		OK	1	2
3		OK	2	3
\.


--
-- TOC entry 5129 (class 0 OID 16516)
-- Dependencies: 247
-- Data for Name: usuarios; Type: TABLE DATA; Schema: public; Owner: postgres
--

COPY public.usuarios (id, matricula, nome_completo, perfil, senha) FROM stdin;
1	admin	Administrador Padrão	ADMINISTRADOR	$2a$10$hSc0fkB1tfYykUQopMlApuzteQ9ySENvo/QLe3hXgyvwQ5mGZoQE.
2	tecnico1	Técnico Exemplo	TECNICO	$2a$10$IDL8SbRSgzpV6w8vIW5GGuDIHJdIvnHZ8pGMKaHpUl4WqtwOgiQrm
3	Maycon	Maycon Douglas	TECNICO	$2a$10$5CUByI0aRBdLIv1R7FSYJOLtF3m8LSlphK641kSEYulv8DChx90/m
5	Alex Pinheiro	Alex Pinheiro	ADMINISTRADOR	$2a$10$SYbnNDqTxr9mYUWYEcbtNuk1RExV0TXuAoc7lkb.sEsS2spqg/tka
\.


--
-- TOC entry 5138 (class 0 OID 0)
-- Dependencies: 220
-- Name: areas_id_seq; Type: SEQUENCE SET; Schema: public; Owner: postgres
--

SELECT pg_catalog.setval('public.areas_id_seq', 3, true);


--
-- TOC entry 5139 (class 0 OID 0)
-- Dependencies: 222
-- Name: checklists_id_seq; Type: SEQUENCE SET; Schema: public; Owner: postgres
--

SELECT pg_catalog.setval('public.checklists_id_seq', 5, true);


--
-- TOC entry 5140 (class 0 OID 0)
-- Dependencies: 224
-- Name: equipamentos_id_seq; Type: SEQUENCE SET; Schema: public; Owner: postgres
--

SELECT pg_catalog.setval('public.equipamentos_id_seq', 8, true);


--
-- TOC entry 5141 (class 0 OID 0)
-- Dependencies: 226
-- Name: fotos_os_id_seq; Type: SEQUENCE SET; Schema: public; Owner: postgres
--

SELECT pg_catalog.setval('public.fotos_os_id_seq', 3, true);


--
-- TOC entry 5142 (class 0 OID 0)
-- Dependencies: 229
-- Name: itens_checklist_id_seq; Type: SEQUENCE SET; Schema: public; Owner: postgres
--

SELECT pg_catalog.setval('public.itens_checklist_id_seq', 6, true);


--
-- TOC entry 5143 (class 0 OID 0)
-- Dependencies: 231
-- Name: linhas_de_producao_id_seq; Type: SEQUENCE SET; Schema: public; Owner: postgres
--

SELECT pg_catalog.setval('public.linhas_de_producao_id_seq', 17, true);


--
-- TOC entry 5144 (class 0 OID 0)
-- Dependencies: 233
-- Name: modelos_equipamento_id_seq; Type: SEQUENCE SET; Schema: public; Owner: postgres
--

SELECT pg_catalog.setval('public.modelos_equipamento_id_seq', 10, true);


--
-- TOC entry 5145 (class 0 OID 0)
-- Dependencies: 235
-- Name: movimentacoes_estoque_id_seq; Type: SEQUENCE SET; Schema: public; Owner: postgres
--

SELECT pg_catalog.setval('public.movimentacoes_estoque_id_seq', 3, true);


--
-- TOC entry 5146 (class 0 OID 0)
-- Dependencies: 237
-- Name: ordens_servico_id_seq; Type: SEQUENCE SET; Schema: public; Owner: postgres
--

SELECT pg_catalog.setval('public.ordens_servico_id_seq', 3, true);


--
-- TOC entry 5147 (class 0 OID 0)
-- Dependencies: 240
-- Name: pecas_baixadas_os_id_seq; Type: SEQUENCE SET; Schema: public; Owner: postgres
--

SELECT pg_catalog.setval('public.pecas_baixadas_os_id_seq', 1, false);


--
-- TOC entry 5148 (class 0 OID 0)
-- Dependencies: 242
-- Name: pecas_reposicao_id_seq; Type: SEQUENCE SET; Schema: public; Owner: postgres
--

SELECT pg_catalog.setval('public.pecas_reposicao_id_seq', 1, true);


--
-- TOC entry 5149 (class 0 OID 0)
-- Dependencies: 244
-- Name: planos_manutencao_id_seq; Type: SEQUENCE SET; Schema: public; Owner: postgres
--

SELECT pg_catalog.setval('public.planos_manutencao_id_seq', 1, false);


--
-- TOC entry 5150 (class 0 OID 0)
-- Dependencies: 246
-- Name: resultados_checklist_id_seq; Type: SEQUENCE SET; Schema: public; Owner: postgres
--

SELECT pg_catalog.setval('public.resultados_checklist_id_seq', 3, true);


--
-- TOC entry 5151 (class 0 OID 0)
-- Dependencies: 248
-- Name: usuarios_id_seq; Type: SEQUENCE SET; Schema: public; Owner: postgres
--

SELECT pg_catalog.setval('public.usuarios_id_seq', 5, true);


--
-- TOC entry 4889 (class 2606 OID 16529)
-- Name: areas areas_pkey; Type: CONSTRAINT; Schema: public; Owner: postgres
--

ALTER TABLE ONLY public.areas
    ADD CONSTRAINT areas_pkey PRIMARY KEY (id);


--
-- TOC entry 4893 (class 2606 OID 16531)
-- Name: checklists checklists_pkey; Type: CONSTRAINT; Schema: public; Owner: postgres
--

ALTER TABLE ONLY public.checklists
    ADD CONSTRAINT checklists_pkey PRIMARY KEY (id);


--
-- TOC entry 4895 (class 2606 OID 16533)
-- Name: equipamentos equipamentos_pkey; Type: CONSTRAINT; Schema: public; Owner: postgres
--

ALTER TABLE ONLY public.equipamentos
    ADD CONSTRAINT equipamentos_pkey PRIMARY KEY (id);


--
-- TOC entry 4899 (class 2606 OID 16535)
-- Name: fotos_os fotos_os_pkey; Type: CONSTRAINT; Schema: public; Owner: postgres
--

ALTER TABLE ONLY public.fotos_os
    ADD CONSTRAINT fotos_os_pkey PRIMARY KEY (id);


--
-- TOC entry 4901 (class 2606 OID 16537)
-- Name: item_pecas_sugeridas item_pecas_sugeridas_pkey; Type: CONSTRAINT; Schema: public; Owner: postgres
--

ALTER TABLE ONLY public.item_pecas_sugeridas
    ADD CONSTRAINT item_pecas_sugeridas_pkey PRIMARY KEY (item_checklist_id, peca_id);


--
-- TOC entry 4903 (class 2606 OID 16539)
-- Name: itens_checklist itens_checklist_pkey; Type: CONSTRAINT; Schema: public; Owner: postgres
--

ALTER TABLE ONLY public.itens_checklist
    ADD CONSTRAINT itens_checklist_pkey PRIMARY KEY (id);


--
-- TOC entry 4905 (class 2606 OID 16541)
-- Name: linhas_de_producao linhas_de_producao_pkey; Type: CONSTRAINT; Schema: public; Owner: postgres
--

ALTER TABLE ONLY public.linhas_de_producao
    ADD CONSTRAINT linhas_de_producao_pkey PRIMARY KEY (id);


--
-- TOC entry 4907 (class 2606 OID 16543)
-- Name: modelos_equipamento modelos_equipamento_pkey; Type: CONSTRAINT; Schema: public; Owner: postgres
--

ALTER TABLE ONLY public.modelos_equipamento
    ADD CONSTRAINT modelos_equipamento_pkey PRIMARY KEY (id);


--
-- TOC entry 4909 (class 2606 OID 16545)
-- Name: movimentacoes_estoque movimentacoes_estoque_pkey; Type: CONSTRAINT; Schema: public; Owner: postgres
--

ALTER TABLE ONLY public.movimentacoes_estoque
    ADD CONSTRAINT movimentacoes_estoque_pkey PRIMARY KEY (id);


--
-- TOC entry 4911 (class 2606 OID 16547)
-- Name: ordens_servico ordens_servico_pkey; Type: CONSTRAINT; Schema: public; Owner: postgres
--

ALTER TABLE ONLY public.ordens_servico
    ADD CONSTRAINT ordens_servico_pkey PRIMARY KEY (id);


--
-- TOC entry 4913 (class 2606 OID 16549)
-- Name: pecas_baixadas_os pecas_baixadas_os_pkey; Type: CONSTRAINT; Schema: public; Owner: postgres
--

ALTER TABLE ONLY public.pecas_baixadas_os
    ADD CONSTRAINT pecas_baixadas_os_pkey PRIMARY KEY (id);


--
-- TOC entry 4917 (class 2606 OID 16551)
-- Name: pecas_reposicao pecas_reposicao_pkey; Type: CONSTRAINT; Schema: public; Owner: postgres
--

ALTER TABLE ONLY public.pecas_reposicao
    ADD CONSTRAINT pecas_reposicao_pkey PRIMARY KEY (id);


--
-- TOC entry 4921 (class 2606 OID 16553)
-- Name: planos_manutencao planos_manutencao_pkey; Type: CONSTRAINT; Schema: public; Owner: postgres
--

ALTER TABLE ONLY public.planos_manutencao
    ADD CONSTRAINT planos_manutencao_pkey PRIMARY KEY (id);


--
-- TOC entry 4925 (class 2606 OID 16555)
-- Name: resultados_checklist resultados_checklist_pkey; Type: CONSTRAINT; Schema: public; Owner: postgres
--

ALTER TABLE ONLY public.resultados_checklist
    ADD CONSTRAINT resultados_checklist_pkey PRIMARY KEY (id);


--
-- TOC entry 4919 (class 2606 OID 16557)
-- Name: pecas_reposicao uk54yvyfohl83ejpxenda6ck6hb; Type: CONSTRAINT; Schema: public; Owner: postgres
--

ALTER TABLE ONLY public.pecas_reposicao
    ADD CONSTRAINT uk54yvyfohl83ejpxenda6ck6hb UNIQUE (codigo_controle);


--
-- TOC entry 4897 (class 2606 OID 16559)
-- Name: equipamentos uk88txcov2gwa924r9hwdic1yli; Type: CONSTRAINT; Schema: public; Owner: postgres
--

ALTER TABLE ONLY public.equipamentos
    ADD CONSTRAINT uk88txcov2gwa924r9hwdic1yli UNIQUE (codigo);


--
-- TOC entry 4923 (class 2606 OID 16561)
-- Name: planos_manutencao ukabp6cnacne10rhftjvd0vr0ce; Type: CONSTRAINT; Schema: public; Owner: postgres
--

ALTER TABLE ONLY public.planos_manutencao
    ADD CONSTRAINT ukabp6cnacne10rhftjvd0vr0ce UNIQUE (equipamento_id);


--
-- TOC entry 4891 (class 2606 OID 16563)
-- Name: areas ukbfl2g59sbrlcm334tdxeuifh; Type: CONSTRAINT; Schema: public; Owner: postgres
--

ALTER TABLE ONLY public.areas
    ADD CONSTRAINT ukbfl2g59sbrlcm334tdxeuifh UNIQUE (nome);


--
-- TOC entry 4915 (class 2606 OID 16565)
-- Name: pecas_baixadas_os ukhtmekpj6jru572tjg21j7iux8; Type: CONSTRAINT; Schema: public; Owner: postgres
--

ALTER TABLE ONLY public.pecas_baixadas_os
    ADD CONSTRAINT ukhtmekpj6jru572tjg21j7iux8 UNIQUE (movimentacao_estoque_id);


--
-- TOC entry 4927 (class 2606 OID 16567)
-- Name: usuarios uklss4x3vmrjtsxddl7k7dfgrqd; Type: CONSTRAINT; Schema: public; Owner: postgres
--

ALTER TABLE ONLY public.usuarios
    ADD CONSTRAINT uklss4x3vmrjtsxddl7k7dfgrqd UNIQUE (matricula);


--
-- TOC entry 4929 (class 2606 OID 16569)
-- Name: usuarios usuarios_pkey; Type: CONSTRAINT; Schema: public; Owner: postgres
--

ALTER TABLE ONLY public.usuarios
    ADD CONSTRAINT usuarios_pkey PRIMARY KEY (id);


--
-- TOC entry 4950 (class 2606 OID 16570)
-- Name: pecas_reposicao fk19s0d57g3kkuyko9tfcn4a5sv; Type: FK CONSTRAINT; Schema: public; Owner: postgres
--

ALTER TABLE ONLY public.pecas_reposicao
    ADD CONSTRAINT fk19s0d57g3kkuyko9tfcn4a5sv FOREIGN KEY (modelo_equipamento_id) REFERENCES public.modelos_equipamento(id);


--
-- TOC entry 4941 (class 2606 OID 16575)
-- Name: ordens_servico fk226nbeq3s2fhdfrsl23et5v0n; Type: FK CONSTRAINT; Schema: public; Owner: postgres
--

ALTER TABLE ONLY public.ordens_servico
    ADD CONSTRAINT fk226nbeq3s2fhdfrsl23et5v0n FOREIGN KEY (lider_validador_id) REFERENCES public.usuarios(id);


--
-- TOC entry 4946 (class 2606 OID 16580)
-- Name: pecas_baixadas_os fk2k165a3mhobwgo4cvs0tj8741; Type: FK CONSTRAINT; Schema: public; Owner: postgres
--

ALTER TABLE ONLY public.pecas_baixadas_os
    ADD CONSTRAINT fk2k165a3mhobwgo4cvs0tj8741 FOREIGN KEY (peca_id) REFERENCES public.pecas_reposicao(id);


--
-- TOC entry 4951 (class 2606 OID 16585)
-- Name: planos_manutencao fk4u6qljjvr5v6daq83vkjddnin; Type: FK CONSTRAINT; Schema: public; Owner: postgres
--

ALTER TABLE ONLY public.planos_manutencao
    ADD CONSTRAINT fk4u6qljjvr5v6daq83vkjddnin FOREIGN KEY (equipamento_id) REFERENCES public.equipamentos(id);


--
-- TOC entry 4947 (class 2606 OID 16590)
-- Name: pecas_baixadas_os fk5oe51je6jpfosl7f8w4v2t52x; Type: FK CONSTRAINT; Schema: public; Owner: postgres
--

ALTER TABLE ONLY public.pecas_baixadas_os
    ADD CONSTRAINT fk5oe51je6jpfosl7f8w4v2t52x FOREIGN KEY (ordem_servico_id) REFERENCES public.ordens_servico(id);


--
-- TOC entry 4942 (class 2606 OID 16595)
-- Name: ordens_servico fk6w7v7a5ky5g7n4jbf3b6ytjdi; Type: FK CONSTRAINT; Schema: public; Owner: postgres
--

ALTER TABLE ONLY public.ordens_servico
    ADD CONSTRAINT fk6w7v7a5ky5g7n4jbf3b6ytjdi FOREIGN KEY (equipamento_id) REFERENCES public.equipamentos(id);


--
-- TOC entry 4945 (class 2606 OID 16600)
-- Name: peca_fotos fk6wmwpibsralij0p9mif1owbw5; Type: FK CONSTRAINT; Schema: public; Owner: postgres
--

ALTER TABLE ONLY public.peca_fotos
    ADD CONSTRAINT fk6wmwpibsralij0p9mif1owbw5 FOREIGN KEY (peca_id) REFERENCES public.pecas_reposicao(id);


--
-- TOC entry 4952 (class 2606 OID 16605)
-- Name: resultados_checklist fkealav575puihxpdljisyusicr; Type: FK CONSTRAINT; Schema: public; Owner: postgres
--

ALTER TABLE ONLY public.resultados_checklist
    ADD CONSTRAINT fkealav575puihxpdljisyusicr FOREIGN KEY (ordem_servico_id) REFERENCES public.ordens_servico(id);


--
-- TOC entry 4937 (class 2606 OID 16610)
-- Name: itens_checklist fkfuiuhrxegy9uy0c7uq8krrq7t; Type: FK CONSTRAINT; Schema: public; Owner: postgres
--

ALTER TABLE ONLY public.itens_checklist
    ADD CONSTRAINT fkfuiuhrxegy9uy0c7uq8krrq7t FOREIGN KEY (checklist_id) REFERENCES public.checklists(id);


--
-- TOC entry 4940 (class 2606 OID 16615)
-- Name: movimentacoes_estoque fkh86w834720459cb1rk3w99dit; Type: FK CONSTRAINT; Schema: public; Owner: postgres
--

ALTER TABLE ONLY public.movimentacoes_estoque
    ADD CONSTRAINT fkh86w834720459cb1rk3w99dit FOREIGN KEY (peca_id) REFERENCES public.pecas_reposicao(id);


--
-- TOC entry 4935 (class 2606 OID 16620)
-- Name: item_pecas_sugeridas fkib3vh7irtjfatp3un2wg4tgd2; Type: FK CONSTRAINT; Schema: public; Owner: postgres
--

ALTER TABLE ONLY public.item_pecas_sugeridas
    ADD CONSTRAINT fkib3vh7irtjfatp3un2wg4tgd2 FOREIGN KEY (item_checklist_id) REFERENCES public.itens_checklist(id);


--
-- TOC entry 4931 (class 2606 OID 16625)
-- Name: equipamentos fkiifykarul1hhpdbuhe2iitq7s; Type: FK CONSTRAINT; Schema: public; Owner: postgres
--

ALTER TABLE ONLY public.equipamentos
    ADD CONSTRAINT fkiifykarul1hhpdbuhe2iitq7s FOREIGN KEY (modelo_id) REFERENCES public.modelos_equipamento(id);


--
-- TOC entry 4943 (class 2606 OID 16630)
-- Name: ordens_servico fkklxukkl9daignurd6fk4ww22e; Type: FK CONSTRAINT; Schema: public; Owner: postgres
--

ALTER TABLE ONLY public.ordens_servico
    ADD CONSTRAINT fkklxukkl9daignurd6fk4ww22e FOREIGN KEY (checklist_id) REFERENCES public.checklists(id);


--
-- TOC entry 4944 (class 2606 OID 16635)
-- Name: ordens_servico fkl4gio7shy9xsaavme2emqd0r1; Type: FK CONSTRAINT; Schema: public; Owner: postgres
--

ALTER TABLE ONLY public.ordens_servico
    ADD CONSTRAINT fkl4gio7shy9xsaavme2emqd0r1 FOREIGN KEY (tecnico_executor_id) REFERENCES public.usuarios(id);


--
-- TOC entry 4934 (class 2606 OID 16640)
-- Name: fotos_os fkmi0vtdep58e0tpgmcv9wjdbry; Type: FK CONSTRAINT; Schema: public; Owner: postgres
--

ALTER TABLE ONLY public.fotos_os
    ADD CONSTRAINT fkmi0vtdep58e0tpgmcv9wjdbry FOREIGN KEY (ordem_servico_id) REFERENCES public.ordens_servico(id);


--
-- TOC entry 4932 (class 2606 OID 16645)
-- Name: equipamentos fknowrkn8atotkm53o05ub7chrf; Type: FK CONSTRAINT; Schema: public; Owner: postgres
--

ALTER TABLE ONLY public.equipamentos
    ADD CONSTRAINT fknowrkn8atotkm53o05ub7chrf FOREIGN KEY (checklist_id) REFERENCES public.checklists(id);


--
-- TOC entry 4953 (class 2606 OID 16650)
-- Name: resultados_checklist fkoluxjm6xu712cxnhxhdf8dok4; Type: FK CONSTRAINT; Schema: public; Owner: postgres
--

ALTER TABLE ONLY public.resultados_checklist
    ADD CONSTRAINT fkoluxjm6xu712cxnhxhdf8dok4 FOREIGN KEY (item_template_id) REFERENCES public.itens_checklist(id);


--
-- TOC entry 4930 (class 2606 OID 16655)
-- Name: checklists fkp60sw87f7s7ak1dxei3osrrbv; Type: FK CONSTRAINT; Schema: public; Owner: postgres
--

ALTER TABLE ONLY public.checklists
    ADD CONSTRAINT fkp60sw87f7s7ak1dxei3osrrbv FOREIGN KEY (area_id) REFERENCES public.areas(id);


--
-- TOC entry 4936 (class 2606 OID 16660)
-- Name: item_pecas_sugeridas fkq4wacwufv3r381wd574pc22dm; Type: FK CONSTRAINT; Schema: public; Owner: postgres
--

ALTER TABLE ONLY public.item_pecas_sugeridas
    ADD CONSTRAINT fkq4wacwufv3r381wd574pc22dm FOREIGN KEY (peca_id) REFERENCES public.pecas_reposicao(id);


--
-- TOC entry 4933 (class 2606 OID 16665)
-- Name: equipamentos fkqkj6qgfa691uofx4yfcta5j71; Type: FK CONSTRAINT; Schema: public; Owner: postgres
--

ALTER TABLE ONLY public.equipamentos
    ADD CONSTRAINT fkqkj6qgfa691uofx4yfcta5j71 FOREIGN KEY (linha_id) REFERENCES public.linhas_de_producao(id);


--
-- TOC entry 4938 (class 2606 OID 16670)
-- Name: linhas_de_producao fkscisy1jbt37u8pdv0y4gu0jfc; Type: FK CONSTRAINT; Schema: public; Owner: postgres
--

ALTER TABLE ONLY public.linhas_de_producao
    ADD CONSTRAINT fkscisy1jbt37u8pdv0y4gu0jfc FOREIGN KEY (area_id) REFERENCES public.areas(id);


--
-- TOC entry 4948 (class 2606 OID 16675)
-- Name: pecas_baixadas_os fkt5oovd78imdwm1l66ag16sc1w; Type: FK CONSTRAINT; Schema: public; Owner: postgres
--

ALTER TABLE ONLY public.pecas_baixadas_os
    ADD CONSTRAINT fkt5oovd78imdwm1l66ag16sc1w FOREIGN KEY (movimentacao_estoque_id) REFERENCES public.movimentacoes_estoque(id);


--
-- TOC entry 4949 (class 2606 OID 16680)
-- Name: pecas_baixadas_os fkt9p7kp5dc6dpri6l18sac7pvo; Type: FK CONSTRAINT; Schema: public; Owner: postgres
--

ALTER TABLE ONLY public.pecas_baixadas_os
    ADD CONSTRAINT fkt9p7kp5dc6dpri6l18sac7pvo FOREIGN KEY (item_checklist_id) REFERENCES public.itens_checklist(id);


--
-- TOC entry 4939 (class 2606 OID 16685)
-- Name: modelos_equipamento fktkqu90g3e36rds77g5x17x23e; Type: FK CONSTRAINT; Schema: public; Owner: postgres
--

ALTER TABLE ONLY public.modelos_equipamento
    ADD CONSTRAINT fktkqu90g3e36rds77g5x17x23e FOREIGN KEY (area_id) REFERENCES public.areas(id);


--
-- TOC entry 5137 (class 0 OID 0)
-- Dependencies: 5
-- Name: SCHEMA public; Type: ACL; Schema: -; Owner: postgres
--

REVOKE USAGE ON SCHEMA public FROM PUBLIC;


-- Completed on 2025-11-14 10:59:35

--
-- PostgreSQL database dump complete
--

\unrestrict cFjtCcbfzQT1aDgUs90M2IDWToxCP4gN8PGC0fieJ7CUdcJA2FxJkLgpdREPPa4

